"Name","Phone","Rating","Votes","Locality","City"
"Big Vision Solutions","+ 91  9152601754","4.9","24","Transport Nagar","Lucknow"
"Cabnotels","+ 91  9152956012","5.0","8","Nagpur","Nagpur"
"Corners Of Earth","+ 91  9152334690","3.5","2","Pahar Ganj","Delhi"
"Discover The World Holidays","+ 91  38117003103","5.0","1","Agartala Ho","Agartala"
"Discover The World Holidays","+ 91  38120013872","5.0","1","Agartala Ho","Agartala"
"Discover The World Holidays","+ 91  38122314242","5.0","1","Agartala Ho","Agartala"
"Discover The World Holidays","+ 91  38123326111","5.0","1","Agartala Ho","Agartala"
"Discover The World Holidays","+ 91  38128753805","5.0","1","Agartala Ho","Agartala"
"Discover The World Holidays","+ 91  38130369768","5.0","1","Agartala Ho","Agartala"
"Discover The World Holidays","+ 91  38132330065","5.0","1","Agartala Ho","Agartala"
"Discover The World Holidays","+ 91  38140679080","5.0","1","Agartala Ho","Agartala"
"Discover The World Holidays","+ 91  38142777323","5.0","1","Agartala Ho","Agartala"
"Discover The World Holidays","+ 91  38142950259","5.0","1","Agartala Ho","Agartala"
"Discover The World Holidays","+ 91  38163356209","5.0","1","Agartala Ho","Agartala"
"Discover The World Holidays","+ 91  38165114217","5.0","1","Agartala Ho","Agartala"
"Discover The World Holidays","+ 91  38169402862","5.0","1","Agartala Ho","Agartala"
"Discover The World Holidays","+ 91  38176954996","5.0","1","Agartala Ho","Agartala"
"Discover The World Holidays","+ 91  38182537965","5.0","1","Agartala Ho","Agartala"
"Discover The World Holidays","+ 91  38185059895","5.0","1","Agartala Ho","Agartala"
"Discover The World Holidays","+ 91  38189344931","5.0","1","Agartala Ho","Agartala"
"Discover The World Holidays","+ 91  3819027907","5.0","1","Agartala Ho","Agartala"
"Discover The World Holidays","+ 91  38194667983","5.0","1","Agartala Ho","Agartala"
"Discover The World Holidays","+ 91  9012318788","","0","","Agartala"
"Discover The World Holidays","+ 91  901273235","","0","","Agartala"
"Discover The World Holidays","+ 91  901368281","","0","","Agartala"
"Discover The World Holidays","+ 91  9013921127","","0","","Agartala"
"Discover The World Holidays","+ 91  90144659","","0","","Agartala"
"Discover The World Holidays","+ 91  9016491647","","0","","Agartala"
"Discover The World Holidays","+ 91  9040814234","","0","","Agartala"
"Discover The World Holidays","+ 91  9045769941","","0","","Agartala"
"Discover The World Holidays","+ 91  9048092383","","0","","Agartala"
"Discover The World Holidays","+ 91  9049394230","","0","","Agartala"
"Discover The World Holidays","+ 91  9051647042","","0","","Agartala"
"Discover The World Holidays","+ 91  9060559477","","0","","Agartala"
"Discover The World Holidays","+ 91  9074565246","","0","","Agartala"
"Discover The World Holidays","+ 91  9083864398","","0","","Agartala"
"Discover The World Holidays","+ 91  9085521057","","0","","Agartala"
"Discover The World Holidays","+ 91  9091499883","","0","","Agartala"
"Discover The World Holidays","+ 91  9097094784","","0","","Agartala"
"Discover The World Holidays","+ 91  9098766506","","0","","Agartala"
"Discover The World Holidays","+ 91  9099157870","","0","","Agartala"
"Global Connect Tour and Travels","+ 91  9152376121","4.9","8","Agartala HO","Agartala"
"Holiday Link Parlour","+ 91  9718312412","","0","Agartala Bazar","Agartala"
"Holiday Link Parlour","+ 91  9724186135","","0","Agartala Bazar","Agartala"
"Holiday Link Parlour","+ 91  9724762337","","0","Agartala Bazar","Agartala"
"Holiday Link Parlour","+ 91  9725295364","","0","Agartala Bazar","Agartala"
"Holiday Link Parlour","+ 91  9736883802","","0","Agartala Bazar","Agartala"
"Holiday Link Parlour","+ 91  9740033989","","0","Agartala Bazar","Agartala"
"Holiday Link Parlour","+ 91  9742451062","","0","Agartala Bazar","Agartala"
"Holiday Link Parlour","+ 91  9753230290","","0","Agartala Bazar","Agartala"
"Holiday Link Parlour","+ 91  9756074071","","0","Agartala Bazar","Agartala"
"Holiday Link Parlour","+ 91  9767128104","","0","Agartala Bazar","Agartala"
"Holiday Link Parlour","+ 91  9768527197","","0","Agartala Bazar","Agartala"
"Holiday Link Parlour","+ 91  9773592514","","0","Agartala Bazar","Agartala"
"Holiday Link Parlour","+ 91  977752195","","0","Agartala Bazar","Agartala"
"Holiday Link Parlour","+ 91  9777796510","","0","Agartala Bazar","Agartala"
"Holiday Link Parlour","+ 91  977870440","","0","Agartala Bazar","Agartala"
"Holiday Link Parlour","+ 91  9780475366","","0","Agartala Bazar","Agartala"
"Holiday Link Parlour","+ 91  9781550990","","0","Agartala Bazar","Agartala"
"Holiday Link Parlour","+ 91  9790307100","","0","Agartala Bazar","Agartala"
"Holiday Link Parlour","+ 91  9796096492","","0","Agartala Bazar","Agartala"
"My Trip Bookers Pvt Ltd","+ 91  9152833113","4.3","31","Vaishali Sector 1","Delhi"
"Royal Tripmaker","+ 91  9152969899","4.0","339","Bokaro City","Bokaro"
"Shree Ram Tour & Holidays","+ 91  9713937038","5.0","1","Skylark Club","Agartala"
"Shree Ram Tour & Holidays","+ 91  9730957375","5.0","1","Skylark Club","Agartala"
"Shree Ram Tour & Holidays","+ 91  9733003382","5.0","1","Skylark Club","Agartala"
"Shree Ram Tour & Holidays","+ 91  9733822696","5.0","1","Skylark Club","Agartala"
"Shree Ram Tour & Holidays","+ 91  9735568942","5.0","1","Skylark Club","Agartala"
"Shree Ram Tour & Holidays","+ 91  9740134100","5.0","1","Skylark Club","Agartala"
"Shree Ram Tour & Holidays","+ 91  9748448828","5.0","1","Skylark Club","Agartala"
"Shree Ram Tour & Holidays","+ 91  9750960292","5.0","1","Skylark Club","Agartala"
"Shree Ram Tour & Holidays","+ 91  9753916341","5.0","1","Skylark Club","Agartala"
"Shree Ram Tour & Holidays","+ 91  9763008981","5.0","1","Skylark Club","Agartala"
"Shree Ram Tour & Holidays","+ 91  9763854869","5.0","1","Skylark Club","Agartala"
"Shree Ram Tour & Holidays","+ 91  9770569829","5.0","1","Skylark Club","Agartala"
"Shree Ram Tour & Holidays","+ 91  977457075","5.0","1","Skylark Club","Agartala"
"Shree Ram Tour & Holidays","+ 91  978111294","5.0","1","Skylark Club","Agartala"
"Shree Ram Tour & Holidays","+ 91  9781305109","5.0","1","Skylark Club","Agartala"
"Shree Ram Tour & Holidays","+ 91  9783278616","5.0","1","Skylark Club","Agartala"
"Shree Ram Tour & Holidays","+ 91  9791746114","5.0","1","Skylark Club","Agartala"
"Shree Ram Tour & Holidays","+ 91  979500068","5.0","1","Skylark Club","Agartala"
"Shree Ram Tour & Holidays","+ 91  9795503751","5.0","1","Skylark Club","Agartala"
"Siam Global Tours","+ 91  9152676863","4.5","27","Kandivali East","Mumbai"
"Sotc Holidays","+ 91  38110466225","","0","Agartala Bazar","Agartala"
"Sotc Holidays","+ 91  38113339064","","0","Agartala Bazar","Agartala"
"Sotc Holidays","+ 91  38115314531","","0","Agartala Bazar","Agartala"
"Sotc Holidays","+ 91  38126239136","","0","Agartala Bazar","Agartala"
"Sotc Holidays","+ 91  38126752819","","0","Agartala Bazar","Agartala"
"Sotc Holidays","+ 91  38134003458","","0","Agartala Bazar","Agartala"
"Sotc Holidays","+ 91  38140922121","","0","Agartala Bazar","Agartala"
"Sotc Holidays","+ 91  38141829780","","0","Agartala Bazar","Agartala"
"Sotc Holidays","+ 91  38149515812","","0","Agartala Bazar","Agartala"
"Sotc Holidays","+ 91  38163576325","","0","Agartala Bazar","Agartala"
"Sotc Holidays","+ 91  38165072712","","0","Agartala Bazar","Agartala"
"Sotc Holidays","+ 91  38170752290","","0","Agartala Bazar","Agartala"
"Sotc Holidays","+ 91  38171644848","","0","Agartala Bazar","Agartala"
"Sotc Holidays","+ 91  38178195002","","0","Agartala Bazar","Agartala"
"Sotc Holidays","+ 91  3818204038","","0","Agartala Bazar","Agartala"
"Sotc Holidays","+ 91  38182777018","","0","Agartala Bazar","Agartala"
"Sotc Holidays","+ 91  38184308516","","0","Agartala Bazar","Agartala"
"Sotc Holidays","+ 91  38185252528","","0","Agartala Bazar","Agartala"
"Sotc Holidays","+ 91  38198765662","","0","Agartala Bazar","Agartala"
"Sri Ganapati Tours & Holidays","+ 91  38113526804","4.8","194","","Agartala"
"Sri Ganapati Tours & Holidays","+ 91  38114043753","4.7","17","Agartala HO","Agartala"
"Sri Ganapati Tours & Holidays","+ 91  38123310482","4.7","17","Agartala HO","Agartala"
"Sri Ganapati Tours & Holidays","+ 91  38126906431","4.8","194","","Agartala"
"Sri Ganapati Tours & Holidays","+ 91  38127007772","4.7","17","Agartala HO","Agartala"
"Sri Ganapati Tours & Holidays","+ 91  38130188349","4.8","194","","Agartala"
"Sri Ganapati Tours & Holidays","+ 91  38131744169","4.7","17","Agartala HO","Agartala"
"Sri Ganapati Tours & Holidays","+ 91  38132872330","4.7","17","Agartala HO","Agartala"
"Sri Ganapati Tours & Holidays","+ 91  38134254039","4.7","17","Agartala HO","Agartala"
"Sri Ganapati Tours & Holidays","+ 91  38135078526","4.7","17","Agartala HO","Agartala"
"Sri Ganapati Tours & Holidays","+ 91  38135139800","4.7","17","Agartala HO","Agartala"
"Sri Ganapati Tours & Holidays","+ 91  38136197353","4.8","194","","Agartala"
"Sri Ganapati Tours & Holidays","+ 91  38138800400","4.8","194","","Agartala"
"Sri Ganapati Tours & Holidays","+ 91  38138896170","4.8","194","","Agartala"
"Sri Ganapati Tours & Holidays","+ 91  38140925586","4.8","194","","Agartala"
"Sri Ganapati Tours & Holidays","+ 91  38141326219","4.8","194","","Agartala"
"Sri Ganapati Tours & Holidays","+ 91  38149023776","4.7","17","Agartala HO","Agartala"
"Sri Ganapati Tours & Holidays","+ 91  38149471995","4.8","194","","Agartala"
"Sri Ganapati Tours & Holidays","+ 91  38152676401","4.7","17","Agartala HO","Agartala"
"Sri Ganapati Tours & Holidays","+ 91  38154946055","4.8","194","","Agartala"
"Sri Ganapati Tours & Holidays","+ 91  38157380297","4.8","194","","Agartala"
"Sri Ganapati Tours & Holidays","+ 91  38161036807","4.8","194","","Agartala"
"Sri Ganapati Tours & Holidays","+ 91  38163268892","4.8","194","","Agartala"
"Sri Ganapati Tours & Holidays","+ 91  38164245618","4.7","17","Agartala HO","Agartala"
"Sri Ganapati Tours & Holidays","+ 91  38165203939","4.7","17","Agartala HO","Agartala"
"Sri Ganapati Tours & Holidays","+ 91  38165288210","4.8","194","","Agartala"
"Sri Ganapati Tours & Holidays","+ 91  38165499532","4.7","17","Agartala HO","Agartala"
"Sri Ganapati Tours & Holidays","+ 91  38167653616","4.7","17","Agartala HO","Agartala"
"Sri Ganapati Tours & Holidays","+ 91  38169725154","4.8","194","","Agartala"
"Sri Ganapati Tours & Holidays","+ 91  38170635521","4.8","194","","Agartala"
"Sri Ganapati Tours & Holidays","+ 91  38171473026","4.7","17","Agartala HO","Agartala"
"Sri Ganapati Tours & Holidays","+ 91  38176442381","4.8","194","","Agartala"
"Sri Ganapati Tours & Holidays","+ 91  38181566669","4.7","17","Agartala HO","Agartala"
"Sri Ganapati Tours & Holidays","+ 91  3818170086","4.8","194","","Agartala"
"Sri Ganapati Tours & Holidays","+ 91  38185659281","4.8","194","","Agartala"
"Sri Ganapati Tours & Holidays","+ 91  38186100453","4.7","17","Agartala HO","Agartala"
"Sri Ganapati Tours & Holidays","+ 91  38189211322","4.7","17","Agartala HO","Agartala"
"Sri Ganapati Tours & Holidays","+ 91  38197734888","4.7","17","Agartala HO","Agartala"
"Surbhi Travels","+ 91  9152458024","3.9","18","Govind Nagar","Kanpur"
"The World Wide Journy","+ 91  9152421677","3.2","5","Paschim Vihar","Delhi"
"Udayan","+ 91  9152637976","5.0","1","Agartala HO","Agartala"
